Tweet id,Tweet permalink,Tweet text,time,impressions,engagements,retweets,replies,likes,user profile clicks,url clicks,follows
1,"https://x.com/example/status/1001","TypeScriptの型テクニックについて実践してみた結果をまとめました #副業 #1",2026-06-18 16:13:00,4401,205,30,10,123,20,10,2
2,"https://x.com/example/status/1002","副業の始め方について実践してみた結果をまとめました #朝活 #2",2026-06-21 17:25:00,2351,106,15,5,63,10,5,4
3,"https://x.com/example/status/1003","Xでの発信術について実践してみた結果をまとめました #AI #3",2026-06-03 19:17:00,632,66,9,3,39,6,3,2
4,"https://x.com/example/status/1004","朝活の習慣化について実践してみた結果をまとめました #フリーランス #4",2026-06-06 18:53:00,3130,165,24,8,99,16,8,0
5,"https://x.com/example/status/1005","AIツール活用法について実践してみた結果をまとめました #React #5",2026-06-02 13:22:00,2165,48,7,2,28,4,2,2
6,"https://x.com/example/status/1006","フリーランスの働き方について実践してみた結果をまとめました #プログラミング #6",2026-06-11 19:47:00,1855,116,17,5,69,11,5,1
7,"https://x.com/example/status/1007","読書メモについて実践してみた結果をまとめました #副業 #7",2026-06-26 17:21:00,2291,44,6,2,26,4,2,3
8,"https://x.com/example/status/1008","React開発のTipsについて実践してみた結果をまとめました #朝活 #8",2026-06-10 13:05:00,4583,415,62,20,249,41,20,0
9,"https://x.com/example/status/1009","TypeScriptの型テクニックについて実践してみた結果をまとめました #AI #9",2026-06-12 10:09:00,3014,272,40,13,163,27,13,1
10,"https://x.com/example/status/1010","副業の始め方について実践してみた結果をまとめました #フリーランス #10",2026-06-22 02:16:00,2032,129,19,6,77,12,6,4
11,"https://x.com/example/status/1011","Xでの発信術について実践してみた結果をまとめました #React #11",2026-06-04 04:47:00,2186,133,19,6,79,13,6,0
12,"https://x.com/example/status/1012","朝活の習慣化について実践してみた結果をまとめました #プログラミング #12",2026-06-23 04:23:00,3608,410,61,20,246,41,20,2
13,"https://x.com/example/status/1013","AIツール活用法について実践してみた結果をまとめました #副業 #13",2026-06-05 07:09:00,418,20,3,1,12,2,1,0
14,"https://x.com/example/status/1014","フリーランスの働き方について実践してみた結果をまとめました #朝活 #14",2026-06-27 15:27:00,3524,404,60,20,242,40,20,0
15,"https://x.com/example/status/1015","読書メモについて実践してみた結果をまとめました #AI #15",2026-06-12 13:52:00,3144,109,16,5,65,10,5,0
16,"https://x.com/example/status/1016","React開発のTipsについて実践してみた結果をまとめました #フリーランス #16",2026-06-21 12:07:00,891,72,10,3,43,7,3,0
17,"https://x.com/example/status/1017","TypeScriptの型テクニックについて実践してみた結果をまとめました #React #17",2026-06-11 16:54:00,1357,81,12,4,48,8,4,4
18,"https://x.com/example/status/1018","副業の始め方について実践してみた結果をまとめました #プログラミング #18",2026-06-15 02:12:00,4122,443,66,22,265,44,22,0
19,"https://x.com/example/status/1019","Xでの発信術について実践してみた結果をまとめました #副業 #19",2026-06-14 20:41:00,3748,221,33,11,132,22,11,3
20,"https://x.com/example/status/1020","朝活の習慣化について実践してみた結果をまとめました #朝活 #20",2026-06-12 21:45:00,4209,232,34,11,139,23,11,4
21,"https://x.com/example/status/1021","AIツール活用法について実践してみた結果をまとめました #AI #21",2026-06-18 22:00:00,3996,356,53,17,213,35,17,0
22,"https://x.com/example/status/1022","フリーランスの働き方について実践してみた結果をまとめました #フリーランス #22",2026-06-08 08:31:00,2864,358,53,17,214,35,17,1
23,"https://x.com/example/status/1023","読書メモについて実践してみた結果をまとめました #React #23",2026-06-07 21:26:00,4002,480,72,24,288,48,24,4
24,"https://x.com/example/status/1024","React開発のTipsについて実践してみた結果をまとめました #プログラミング #24",2026-06-26 17:25:00,1491,169,25,8,101,16,8,1
25,"https://x.com/example/status/1025","TypeScriptの型テクニックについて実践してみた結果をまとめました #副業 #25",2026-06-26 03:57:00,4498,283,42,14,169,28,14,4
26,"https://x.com/example/status/1026","副業の始め方について実践してみた結果をまとめました #朝活 #26",2026-06-06 09:25:00,1284,34,5,1,20,3,1,4
27,"https://x.com/example/status/1027","Xでの発信術について実践してみた結果をまとめました #AI #27",2026-06-03 01:48:00,1639,54,8,2,32,5,2,2
28,"https://x.com/example/status/1028","朝活の習慣化について実践してみた結果をまとめました #フリーランス #28",2026-06-25 03:30:00,4532,535,80,26,321,53,26,4
29,"https://x.com/example/status/1029","AIツール活用法について実践してみた結果をまとめました #React #29",2026-06-11 07:07:00,5013,176,26,8,105,17,8,0
30,"https://x.com/example/status/1030","フリーランスの働き方について実践してみた結果をまとめました #プログラミング #30",2026-06-12 19:31:00,3288,66,9,3,39,6,3,4